States,288
Total Unique Trees,9014.0
MTTF,9.362338936150879
Total Tree Time,0.839218134







Tree Gen Time,0.047451427000000004,0.026733048,0.032106775,0.041460397999999996,0.056555273999999996,0.059115913,0.06297315,0.06987585700000001,0.081489497,0.088107638
Tree Gen Discrep,0.9434575766686185,0.9681452927231432,0.9617420385722981,0.9505963988142325,0.9326095663228364,0.9295583465073218,0.924962119562588,0.916736955305115,0.9028983124904687,0.895012232898199
MTTF,12.308105115801212,10.440834755574368,9.802062850043347,9.603251292807794,9.500975055598966,9.443249872645264,9.413123594761833,9.386892863935275,9.378204360930475,9.372583718682273
MTTF Discrep,0.3146399847025214,0.11519512664288234,0.046967314139264804,0.025732069550129077,0.014807850943397316,0.00864217126149569,0.00542435591760726,0.0026226275241527652,0.0016946005573814649,0.0010942546089456329
Efficiency,0.6466080991781264,0.8566196731191903,0.9165715981257361,0.9261355861658425,0.9187996228763414,0.9215249440792528,0.9199447958157762,0.9143326957337238,0.9013682605068636,0.8940328616372875
Total Trees,9872.0,13558.0,16608.0,20192.0,22776.0,24746.0,26836.0,28388.0,30676.0,32684.0
Unique Trees,452.0,902.0,1354.0,1804.0,2254.0,2706.0,3156.0,3606.0,4058.0,4508.0
